{"cameraMode":{"drawMode":0,"name":"Shaded","section":"Shading Mode"},"sceneLighting":false,"audioPlay":false,"sceneViewState":{"m_AlwaysRefresh":false,"showFog":true,"showSkybox":false,"showFlares":true,"showImageEffects":true,"showParticleSystems":true,"showVisualEffectGraphs":true,"m_FxEnabled":true},"in2DMode":false,"pivot":{"x":-0.0029701590538024904,"y":0.6116070747375488,"z":0.00019481778144836426},"rotation":{"x":-0.000024521346858819015,"y":0.9999147057533264,"z":-0.001198864309117198,"w":-0.014401727356016636},"size":0.9502583742141724,"orthographic":true}